{"cameraMode":{"drawMode":0,"name":"Shaded","section":"Shading Mode"},"sceneLighting":true,"audioPlay":false,"sceneViewState":{"showFog":true,"showMaterialUpdate":false,"showSkybox":true,"showFlares":true,"showImageEffects":true,"showParticleSystems":true},"in2DMode":false,"pivot":{"x":-0.591567873954773,"y":2.785569667816162,"z":-1.619011402130127},"rotation":{"x":-0.1318737119436264,"y":0.02735271118581295,"z":-0.0036401674151420595,"w":-0.9908832907676697},"size":14.97327995300293,"orthographic":false}