{"cameraMode":{"drawMode":0,"name":"Shaded","section":"Shading Mode"},"sceneLighting":false,"audioPlay":false,"sceneViewState":{"showFog":true,"showMaterialUpdate":false,"showSkybox":true,"showFlares":true,"showImageEffects":true,"showParticleSystems":true},"in2DMode":false,"pivot":{"x":1.1640000343322755,"y":-0.12200000137090683,"z":-0.45100000500679018},"rotation":{"x":-0.15419572591781617,"y":-0.002373988041654229,"z":0.0003671730519272387,"w":-0.9880715608596802},"size":6.760000228881836,"orthographic":false}